rRNA	Posn.	Pos	Mod.	Kmer	C-Kmer
18s	106	18s_106	Y	AATCA	AACCA
18s	120	18s_120	Y	TATTT	TACTT
18s	211	18s_211	Y	TATTA	TACTA
18s	302	18s_302	Y	AATTT	AACTT
18s	466	18s_466	Y	AGTGA	AGCGA
18s	632	18s_632	Y	AGTTG	AGCTG
18s	759	18s_759	Y	ATTAG	ATCAG
18s	766	18s_766	Y	TGTTC	TGCTC
18s	999	18s_999	Y	GATCA	GACCA
18s	1181	18s_1181	Y	GCTTA	GCCTA
18s	1187	18s_1187	Y	TTTGA	TTCGA
18s	1290	18s_1290	Y	GTTGG	GTCGG
18s	1415	18s_1415	Y	TTTGA	TTCGA
25s	776	25s_776	Y	GATTT	GACTT
25s	960	25s_960	Y	CCTCA	CCCCA
25s	966	25s_966	Y	GATAG	GACAG
25s	986	25s_986	Y	GTTTT	GTCTT
25s	990	25s_990	Y	TATGA	TACGA
25s	1004	25s_1004	Y	AATGA	AACGA
25s	1042	25s_1042	Y	ATTCT	ATCCT
25s	1052	25s_1052	Y	TTTAA	TTCAA
25s	1056	25s_1056	Y	AATAT	AACAT
25s	1110	25s_1110	Y	TTTTA	TTCTA
25s	1124	25s_1124	Y	TTTTG	TTCTG
25s	2129	25s_2129	Y	TCTGA	TCCGA
25s	2133	25s_2133	Y	ACTGT	ACCGT
25s	2191	25s_2191	Y	TTTCT	TTCCT
25s	2258	25s_2258	Y	ACTAT	ACCAT
25s	2260	25s_2260	Y	TATGA	TACGA
25s	2264	25s_2264	Y	ACTCT	ACCCT
25s	2266	25s_2266	Y	TCTCT	TCCCT
25s	2314	25s_2314	Y	AATGG	AACGG
25s	2340	25s_2340	Y	CCTAT	CCCAT
25s	2349	25s_2349	Y	TATCT	TACCT
25s	2351	25s_2351	Y	TCTAG	TCCAG
25s	2416	25s_2416	Y	GCTTG	GCCTG
25s	2735	25s_2735	Y	AATAC	AACAC
25s	2826	25s_2826	Y	GCTTG	GCCTG
25s	2865	25s_2865	Y	GATTC	GACTC
25s	2880	25s_2880	Y	GCTCT	GCCCT
25s	2923	25s_2923	Y	TGTTC	TGCTC
25s	2944	25s_2944	Y	CGTGA	CGCGA
25s	2975	25s_2975	Y	GTTAG	GTCAG
5.8s	73	5.8s_73	Y	AATTG	AACTG
5s	50	5s_50	Y	TGTAG	TGCAG